{"cameraMode":{"drawMode":0,"name":"Shaded","section":"Shading Mode"},"sceneLighting":true,"audioPlay":false,"sceneViewState":{"m_AlwaysRefresh":false,"showFog":true,"showSkybox":true,"showFlares":true,"showImageEffects":true,"showParticleSystems":true,"showVisualEffectGraphs":true,"m_FxEnabled":true},"in2DMode":false,"pivot":{"x":15.947001457214356,"y":27.941850662231447,"z":-7.645242691040039},"rotation":{"x":-0.008224953897297383,"y":-0.6019991636276245,"z":-0.0027096658013761045,"w":0.8009589314460754},"size":1.7188199758529664,"orthographic":false}