{"cameraMode":{"drawMode":0,"name":"Shaded","section":"Shading Mode"},"sceneLighting":false,"audioPlay":false,"sceneViewState":{"m_AlwaysRefresh":false,"showFog":true,"showSkybox":false,"showFlares":true,"showImageEffects":true,"showParticleSystems":true,"showVisualEffectGraphs":true,"m_FxEnabled":true},"in2DMode":false,"pivot":{"x":313.9457092285156,"y":253.2843017578125,"z":204.84645080566407},"rotation":{"x":0.04984268173575401,"y":0.004115090239793062,"z":-0.0015578672755509616,"w":0.9998593926429749},"size":422.9921569824219,"orthographic":false}