{"cameraMode":{"drawMode":0,"name":"Shaded","section":"Shading Mode"},"sceneLighting":false,"audioPlay":false,"sceneViewState":{"m_AlwaysRefresh":false,"showFog":true,"showSkybox":false,"showFlares":true,"showImageEffects":true,"showParticleSystems":true,"showVisualEffectGraphs":true,"m_FxEnabled":true},"in2DMode":false,"pivot":{"x":-13.568360328674317,"y":7.143919944763184,"z":-8.095305442810059},"rotation":{"x":-0.10726436972618103,"y":-0.06700590252876282,"z":0.009510276839137078,"w":-0.9924781322479248},"size":0.8660253882408142,"orthographic":false}